node_id,jaccard_same_model
5596,1.0
4043,1.0
4658,0.7783333333333334
746,1.0
6681,0.7296037296037297
2488,0.5604012654012653
6787,0.6475191475191475
6500,0.6575757575757575
3052,0.7606060606060607
2315,1.0
500,0.6561771561771562
7028,1.0
6146,0.5791208791208791
3995,1.0
728,1.0
5571,1.0
7002,0.6469696969696971
5818,1.0
1124,1.0
3618,0.6591491841491842
4036,0.8727272727272728
3204,1.0
1774,1.0
781,0.7636363636363637
4179,0.576969696969697
1072,1.0
2456,0.5106227106227106
6235,0.5611888111888111
1109,1.0
2437,1.0
7155,1.0
6014,1.0
6018,1.0
69,1.0
286,0.4510989010989011
404,0.5741414141414141
157,1.0
2543,1.0
295,0.7018181818181819
3277,1.0
7590,1.0
646,1.0
1437,1.0
678,1.0
2079,1.0
782,0.76
3532,1.0
6409,0.44642857142857145
4785,1.0
3871,1.0
6378,0.5969696969696969
5068,1.0
398,0.9428571428571428
4141,1.0
574,1.0
328,0.5870795870795871
1155,1.0
5182,1.0
425,1.0
5894,0.8363636363636365
1944,1.0
7305,1.0
7087,0.806060606060606
600,0.8593939393939394
1589,0.5731601731601731
1879,1.0
7442,1.0
7138,0.5015298427063133
7064,1.0
3330,0.5787545787545788
7589,0.7167832167832169
5183,0.7272727272727273
1771,0.8600000000000001
7220,1.0
6570,0.6295959595959596
1655,0.6282051282051283
5467,0.888888888888889
6411,0.5845454545454546
39,1.0
5306,1.0
3449,0.45494505494505494
390,1.0
2351,0.7754545454545455
3707,1.0
4052,1.0
1950,0.6918686868686867
1825,1.0
7344,1.0
72,0.6892424242424242
1868,0.78
3688,1.0
3486,1.0
191,1.0
3245,0.6177156177156178
3274,0.7727272727272727
210,1.0
4937,1.0
2100,0.5829170829170829
1248,1.0
4815,1.0
165,1.0
3368,0.5147852147852149
1247,0.6195471195471195
449,1.0
3004,0.9199999999999999
5631,1.0
1743,0.6778221778221779
1042,0.6218781218781219
4882,1.0
2783,1.0
7332,0.541891441891442
5483,1.0
370,0.6713286713286715
7019,0.7065734265734266
3817,1.0
1415,0.890909090909091
7581,0.6664568764568765
6325,0.693939393939394
1584,1.0
3380,1.0
7084,0.6718181818181819
7030,1.0
2118,1.0
1061,1.0
6524,1.0
5983,0.8222222222222222
3896,0.421978021978022
765,1.0
1015,1.0
966,1.0
4271,1.0
1272,0.8545454545454547
4011,0.8444444444444444
1102,0.4981684981684982
533,0.6234848484848484
3567,0.6881818181818182
3619,1.0
5884,0.6691919191919192
2579,1.0
6102,1.0
4873,1.0
1933,1.0
587,0.4945970695970695
7131,1.0
5977,1.0
6807,1.0
62,1.0
2052,1.0
583,0.8028282828282828
1021,1.0
311,0.7116666666666667
5487,1.0
4520,1.0
2750,0.8571428571428571
4665,1.0
5093,0.4490842490842491
3510,1.0
2401,1.0
680,1.0
6259,0.7629370629370629
3199,1.0
6049,0.8090909090909092
3525,0.9555555555555555
4321,1.0
6055,1.0
5315,1.0
4157,1.0
1999,0.8222222222222222
718,0.6993006993006994
6952,1.0
3427,0.3293076204840911
1440,1.0
6165,1.0
3686,0.6608391608391608
4038,0.8036363636363637
1749,0.5505494505494506
6877,1.0
33,0.806060606060606
696,1.0
380,0.8121212121212121
3159,0.8347222222222221
2618,1.0
2867,0.6864801864801865
534,1.0
5788,1.0
1180,1.0
94,0.7272727272727273
6204,1.0
1443,0.6218781218781219
6977,1.0
4738,0.7715909090909091
3258,1.0
3387,0.6553613053613054
5221,0.7384848484848485
5864,0.6498501498501499
432,0.40629174746821806
2260,1.0
2429,1.0
5651,0.6085581085581085
1939,0.8575757575757577
2901,0.5124542124542125
1313,1.0
2432,1.0
6393,1.0
6182,1.0
7205,0.7296037296037297
3800,0.7606060606060606
6864,1.0
3313,0.8109090909090909
4839,1.0
2074,0.7472222222222221
5333,1.0
5149,0.5659340659340659
6144,1.0
3193,1.0
4170,0.8800000000000001
2012,1.0
2026,0.798888888888889
4907,1.0
2837,0.5958291708291708
1168,0.5593706293706293
4430,0.6346986346986347
1006,1.0
5944,1.0
3454,0.6195471195471195
7125,1.0
7054,0.6816666666666668
4247,1.0
7217,1.0
112,0.7237878787878789
1854,0.6355555555555554
7011,1.0
5443,0.6553263403263403
109,0.7018181818181818
1351,0.7722222222222223
2996,0.8678571428571429
138,0.7296037296037297
3450,0.6067266067266067
7322,1.0
5521,1.0
5366,1.0
2226,0.6561771561771562
7135,0.7272727272727273
6769,0.7144522144522145
6152,0.6902777777777778
6501,1.0
2760,1.0
7416,0.8388888888888889
381,0.9428571428571428
1377,1.0
257,0.7315151515151516
2812,0.8003030303030304
1646,1.0
1045,0.501981351981352
2848,1.0
6434,0.5311771561771561
6557,1.0
1844,1.0
695,1.0
2257,1.0
2556,0.47458374958374955
5713,1.0
474,1.0
2675,1.0
4570,1.0
7401,0.7658585858585859
1564,1.0
4890,1.0
4073,0.7972727272727274
4870,0.7575757575757576
3200,1.0
4049,1.0
5197,0.6585081585081585
97,0.6262487512487512
6125,0.4886446886446887
484,0.5157509157509157
3409,1.0
3066,1.0
3506,1.0
4024,1.0
2705,0.7
7248,0.6644444444444444
566,1.0
1934,1.0
1423,0.7536363636363637
1975,0.6352231102231103
6118,1.0
839,1.0
6527,1.0
7290,0.8955555555555555
5479,1.0
3729,1.0
6041,0.44102564102564096
5172,0.7911111111111111
816,1.0
3,1.0
1593,0.7695959595959596
6007,1.0
4686,1.0
898,0.7144522144522145
2911,0.6195954045954046
750,0.8444444444444444
6694,0.7016317016317017
4310,0.5019647019647019
467,0.7727272727272728
1125,0.8318181818181818
620,1.0
5410,0.7757575757575758
6312,0.7936363636363637
1427,0.7636363636363637
320,0.7272727272727273
962,1.0
5674,1.0
7423,0.6067266067266068
4731,1.0
6879,0.43891941391941386
4824,1.0
73,1.0
391,0.7501165501165501
3944,0.8600000000000001
5998,1.0
1179,1.0
955,1.0
3666,1.0
5840,1.0
2641,1.0
4922,0.7909090909090909
7275,0.6857575757575758
1709,0.5733932733932734
2330,0.5224775224775224
2743,0.8696428571428572
2004,0.7048951048951049
4715,0.8200000000000001
2326,0.9428571428571428
6238,1.0
418,0.6456876456876458
2938,1.0
3117,0.8242424242424242
1596,0.7600000000000001
1640,1.0
5414,1.0
4515,0.6402097902097902
5041,0.5744671994671995
759,0.790909090909091
1686,0.8109090909090909
5271,0.47728937728937726
552,0.6089393939393938
2173,0.7644444444444445
4182,0.4853479853479853
2804,1.0
1004,0.6848484848484848
1407,1.0
6551,0.5561771561771561
2331,1.0
1196,0.890909090909091
6442,0.7112703962703963
2649,1.0
5703,1.0
7312,1.0
6440,0.7814141414141413
5954,1.0
6889,0.5962370962370962
1016,0.718030303030303
4616,0.5986868686868687
2007,0.9199999999999999
1290,1.0
4361,1.0
5652,1.0
382,1.0
1817,1.0
913,1.0
5421,0.7645454545454545
3867,0.750909090909091
4016,0.8088888888888889
7571,0.5472527472527473
2392,0.6563636363636363
6619,0.8766666666666666
7319,1.0
5619,0.7666666666666666
1413,0.5843822843822843
6783,1.0
6027,1.0
2361,1.0
5937,1.0
5498,0.6841491841491842
6162,0.7045454545454546
7197,0.7909090909090909
1486,0.7477855477855478
6548,0.82
5505,1.0
2786,0.7424242424242424
6407,1.0
690,0.8545454545454547
3669,0.7927272727272728
1293,1.0
5835,1.0
609,0.6346986346986347
5706,1.0
434,1.0
3318,1.0
7321,1.0
185,0.7068181818181818
644,1.0
1318,0.5719280719280719
2368,0.793939393939394
5490,0.7522727272727272
2463,0.8181818181818181
1875,1.0
1727,0.8400000000000001
3633,1.0
7591,1.0
555,1.0
942,1.0
2296,1.0
863,1.0
60,1.0
4237,1.0
2482,0.598068598068598
4805,1.0
4278,0.6093706293706294
954,0.7198135198135198
1261,0.7144522144522145
2031,1.0
4035,1.0
1002,1.0
4067,1.0
3332,0.5239427239427239
1796,0.7575757575757576
5832,1.0
2366,1.0
3536,0.7239393939393939
4455,0.857777777777778
3063,0.6888888888888889
154,0.6236596736596736
7364,0.8727272727272728
2477,0.6644522144522145
1590,1.0
7088,0.4784065934065934
3131,0.5700965700965701
70,1.0
3316,0.6534848484848484
7143,1.0
5493,0.5962370962370962
5062,0.890909090909091
2987,1.0
1314,0.8545454545454547
127,0.4772893772893772
1022,0.6017599067599069
7049,1.0
985,1.0
810,0.6788461538461539
3873,1.0
1359,0.42235901353548416
364,1.0
263,1.0
1858,1.0
1763,0.5979420579420579
6227,0.6575757575757576
2706,0.48681318681318675
5485,1.0
6990,1.0
2197,1.0
6991,0.4695970695970696
5820,1.0
3343,0.8625
6567,0.6736596736596736
4898,0.7288888888888888
4589,0.7083916083916084
3120,0.6218781218781219
4991,0.6118181818181817
1349,1.0
2782,1.0
5981,0.5344322344322345
3213,0.6713286713286715
383,0.6571428571428571
6870,0.6456876456876457
1988,1.0
6647,0.8727272727272728
2280,0.5234432234432235
1781,0.7227272727272729
3290,1.0
2476,1.0
3844,0.6713286713286714
4244,1.0
7494,1.0
174,0.5810855810855811
6731,1.0
5524,1.0
5018,0.6003535353535353
7223,0.5700965700965701
3936,0.7575757575757576
5532,1.0
5148,1.0
385,0.5183150183150182
4210,1.0
1895,0.7454545454545455
2667,0.718989898989899
4871,0.5205594405594406
4561,1.0
2385,1.0
4166,0.5939060939060938
867,1.0
930,1.0
5984,0.8800000000000001
2382,0.6864801864801866
2602,0.5505594405594406
4184,1.0
1866,1.0
5353,0.793939393939394
4733,0.7436946386946388
6037,0.6213786213786214
7041,0.6585081585081585
1538,1.0
3839,0.5053379953379954
2188,1.0
303,1.0
6668,0.8345454545454546
3166,1.0
3638,1.0
1087,1.0
2137,0.8436363636363637
1635,0.8727272727272728
1339,0.8575757575757577
1764,1.0
4787,0.78
433,1.0
3535,1.0
4489,0.6585081585081585
6270,1.0
5762,0.7174825174825175
3853,1.0
5786,0.7590909090909091
4675,1.0
7272,0.7167832167832168
347,1.0
7335,0.8400000000000001
2920,0.8827272727272728
6233,1.0
2403,0.4510989010989011
4948,1.0
7174,0.532967032967033
5187,1.0
3110,1.0
6230,0.512953712953713
6980,1.0
3923,0.7424242424242424
5219,0.6218781218781219
162,0.8200000000000001
101,0.8522222222222222
3631,1.0
1508,1.0
6804,1.0
6692,1.0
3184,1.0
2625,0.6282051282051282
6508,0.7105477855477856
1410,1.0
1823,0.770909090909091
4910,0.6105555555555555
7297,1.0
4827,1.0
2628,1.0
6829,1.0
7346,1.0
2084,1.0
4524,0.9200000000000002
3770,1.0
3036,0.7745454545454546
4558,0.6689976689976691
7045,0.6456876456876457
5470,0.7324242424242425
7173,0.6364646464646464
5892,1.0
6477,1.0
6824,1.0
7247,1.0
1368,0.6872727272727273
4670,1.0
5903,0.7727272727272727
3787,0.592074592074592
4260,0.7672727272727273
5637,0.6157509157509158
2231,1.0
7337,1.0
5784,0.6646969696969698
7151,1.0
220,0.6603396603396604
6082,0.6327777777777778
1465,1.0
738,1.0
2163,0.7727272727272727
2086,1.0
5350,0.665001665001665
2376,0.7018181818181819
7399,0.7150000000000001
5305,1.0
3712,0.68
2450,0.6864801864801865
4555,1.0
4551,1.0
5860,1.0
2070,0.9
3698,0.5700000000000001
1378,0.8400000000000001
3761,1.0
2831,0.9054545454545455
1919,1.0
118,1.0
4421,1.0
4058,1.0
5111,0.7575757575757576
6028,1.0
1083,1.0
4684,1.0
4457,1.0
1267,0.7296037296037297
7422,1.0
3077,1.0
4037,0.7687878787878788
5324,1.0
3655,1.0
5837,0.806060606060606
156,1.0
6927,1.0
6673,0.5612137862137861
4941,0.5084415584415584
1012,0.7804040404040403
5091,0.8309090909090908
7171,0.6834848484848485
459,0.9200000000000002
3315,0.48765567765567763
1340,0.8125
725,0.7424242424242424
1422,0.41630036630036626
515,1.0
1633,0.4824175824175823
6145,0.8472727272727273
1896,0.7861111111111111
6090,0.7727272727272727
225,0.7892857142857144
7168,1.0
6462,1.0
3699,0.5981818181818183
6812,0.654012654012654
1872,1.0
1089,0.7106060606060607
1782,1.0
4028,0.7606060606060606
5780,1.0
6961,0.554945054945055
1838,0.7259595959595959
1570,1.0
7067,0.7301282051282051
4255,0.8571428571428571
2729,0.8181818181818181
1539,0.5404262404262404
6149,1.0
848,0.5914585414585415
288,1.0
3413,0.5328771228771229
7448,1.0
6186,0.8690909090909091
7022,0.7645454545454546
855,1.0
5373,0.9142857142857143
67,1.0
6323,0.6736596736596737
53,1.0
6578,0.7167832167832169
2426,1.0
4574,1.0
4364,0.8333333333333333
981,1.0
3847,0.6518686868686869
1068,1.0
93,0.6841491841491841
182,0.7754545454545455
2739,1.0
7130,1.0
4583,1.0
1327,1.0
656,0.6736596736596737
1792,1.0
2391,1.0
4248,1.0
7206,0.806060606060606
2613,0.593906093906094
1263,0.7215151515151514
3233,0.7053030303030303
6190,1.0
2468,0.790909090909091
6892,1.0
7432,1.0
6046,0.86
5359,0.7888888888888889
4864,0.7916666666666667
7491,0.7056060606060607
5015,0.6626706626706627
2696,1.0
2537,1.0
1493,1.0
2803,0.5311355311355311
4185,0.8400000000000001
4646,0.7052097902097902
5534,1.0
5540,1.0
6413,1.0
3724,0.7972727272727272
5543,1.0
487,1.0
1289,1.0
3342,1.0
5436,1.0
1606,1.0
3386,0.7272727272727273
7511,0.7134343434343434
4624,0.7167832167832169
3876,0.8
6723,1.0
3377,1.0
1721,1.0
4115,1.0
3694,1.0
4450,1.0
628,0.7857142857142857
1234,1.0
1235,1.0
7516,1.0
1712,0.5915750915750915
6093,1.0
829,1.0
2494,0.806060606060606
3892,0.5164835164835164
4556,1.0
7031,0.7777777777777778
1526,0.7272727272727273
4760,0.6493006993006993
4714,0.8727272727272728
6699,1.0
6547,1.0
4015,0.6993006993006994
2963,0.6721944721944721
3665,1.0
368,0.7181818181818183
6333,1.0
2566,1.0
2139,0.7272727272727273
2347,1.0
5227,0.825
4408,0.6918414918414919
3906,0.5493506493506494
2523,0.5145454545454545
7428,0.4238461538461539
5648,1.0
485,1.0
859,1.0
4743,1.0
1297,0.7454545454545455
5777,0.7757575757575758
5415,1.0
3644,0.5938228438228439
830,1.0
4344,1.0
3143,1.0
5585,0.7303030303030303
1139,1.0
6828,0.621878121878122
6004,1.0
1165,0.6585081585081585
4487,1.0
466,0.6153846153846154
2302,1.0
1915,0.8800000000000001
1525,0.665001665001665
494,1.0
853,0.4689560439560439
3369,1.0
640,1.0
5034,1.0
5517,0.740909090909091
5272,0.6993006993006994
2622,0.7754545454545455
4200,0.8212121212121213
941,0.9400000000000001
5810,0.6195471195471196
2563,1.0
5897,0.7303030303030303
2168,0.6864801864801865
6164,0.7600000000000001
6084,1.0
4172,0.696969696969697
13,0.7093240093240093
5253,0.6543006993006993
6381,1.0
3774,1.0
965,1.0
5712,0.5934065934065934
2149,0.4332517482517482
6630,1.0
3628,1.0
441,1.0
2728,1.0
5506,0.7545454545454546
1850,1.0
4346,1.0
4065,0.7736596736596736
658,0.4378121878121878
2708,0.6067266067266067
506,1.0
7393,0.6662004662004661
3101,1.0
198,1.0
6907,1.0
6503,1.0
3860,0.7424242424242424
4246,1.0
2975,0.8400000000000001
2914,1.0
7253,1.0
6537,1.0
3908,0.4956876456876458
4114,0.7275757575757577
215,0.7966666666666666
5641,1.0
2849,1.0
2174,0.6145454545454546
7379,0.7427272727272728
2536,1.0
4373,1.0
3113,0.6045454545454545
6191,1.0
1747,1.0
493,0.5915750915750915
2527,1.0
2734,1.0
2677,0.6067266067266066
6129,1.0
4218,0.4638461538461538
7188,1.0
2510,0.5344322344322344
7309,0.5043956043956044
6817,1.0
6211,0.5647474747474747
2019,0.5565656565656566
3647,0.6849999999999999
2983,1.0
2050,1.0
6881,1.0
7465,1.0
4391,1.0
1078,0.8121212121212121
5371,0.7083333333333333
2170,0.6090576090576091
4324,0.5567460317460318
4859,0.5792540792540792
4213,0.665
1982,1.0
4376,1.0
2611,1.0
470,1.0
27,1.0
7353,0.6062187812187811
983,1.0
5247,1.0
4872,1.0
2572,1.0
4415,1.0
3641,1.0
1742,0.7988888888888888
6710,0.5680069930069931
2511,1.0
3838,0.8571428571428571
2646,1.0
3579,0.5683333333333332
6265,0.8946428571428571
1191,1.0
1510,0.6993006993006994
1412,1.0
6526,1.0
2834,0.7575757575757576
3144,0.8800000000000001
6135,1.0
6720,1.0
1228,0.6841491841491842
2241,0.7575757575757576
3691,1.0
1361,0.8212121212121213
7576,0.5906060606060606
6928,0.8875
3035,1.0
5051,1.0
7338,1.0
3158,1.0
3971,0.27177871148459387
262,1.0
3252,0.5561688311688313
6133,1.0
486,0.8575757575757577
1900,1.0
7363,1.0
845,1.0
2360,0.6619696969696971
6713,0.8363636363636365
1309,0.7575757575757576
4444,0.7855555555555556
4217,0.7112703962703963
592,1.0
7035,1.0
5805,0.6346986346986347
7311,1.0
6048,0.5805860805860805
2553,0.6881818181818182
5117,1.0
2698,1.0
6085,0.8545454545454547
6979,0.6736596736596736
4308,1.0
2420,0.633006993006993
6900,1.0
4862,1.0
5876,0.7727272727272728
1060,1.0
1071,0.5344322344322344
5629,0.48873626373626367
4333,0.8727272727272728
4149,0.7757575757575758
3538,1.0
887,0.6213786213786213
7095,1.0
2936,0.6370296370296371
4517,0.96
2142,0.6680319680319681
3509,1.0
7102,0.6177156177156178
3745,0.6188228438228438
3878,0.7763636363636365
1557,0.4217679379444085
130,0.7054545454545454
4429,0.652972027972028
6910,1.0
4879,0.7134865134865136
7598,1.0
6946,1.0
7518,0.5999000999001
5794,1.0
2829,1.0
1544,1.0
3263,0.7566666666666667
1952,0.7575757575757576
1285,0.5531135531135531
2232,1.0
6408,0.6884848484848486
3257,0.688811188811189
4850,0.8666666666666666
2409,1.0
5785,1.0
7493,0.7454545454545455
6120,0.7567676767676768
4125,0.6027777777777777
3755,1.0
4307,0.7533333333333332
6960,1.0
7333,0.8600000000000001
4687,0.6689976689976691
3581,0.7377777777777779
6119,1.0
5889,1.0
5400,1.0
5268,0.7004545454545454
2603,1.0
3914,0.7233333333333334
1011,0.34600840336134453
5659,0.8518181818181818
530,1.0
4402,1.0
3483,1.0
221,0.58507326007326
4943,0.5031884781884781
1811,0.6713286713286714
5192,0.6218781218781219
352,1.0
677,0.5352980352980353
2836,1.0
569,0.7345454545454546
5408,1.0
2965,1.0
6454,1.0
5209,0.7477855477855477
1785,0.770909090909091
7094,1.0
1821,1.0
3615,0.9333333333333333
4546,1.0
2144,1.0
3155,0.7272727272727273
5404,1.0
3432,1.0
6999,1.0
5895,0.5606060606060607
4345,1.0
