node_id,jaccard_cross_model,spearman
2049,1.0,1.0
2050,0.8181818181818182,0.7818181818181819
2051,0.42857142857142855,0.24719101123595505
2052,0.2857142857142857,-0.018504840082369
2054,0.9,0.9272727272727272
2055,0.42857142857142855,-0.41573033707865165
2056,0.7272727272727273,0.3872447404414744
2057,0.5833333333333334,-0.12345851822992485
2058,1.0,0.9999999999999999
2059,0.6666666666666666,0.37192982456140355
2063,0.6666666666666666,-0.00836827408755723
2065,1.0,1.0
2066,0.8571428571428571,0.8571428571428573
2067,0.8333333333333334,0.8285714285714287
2069,0.25,-0.4244264890549703
2071,0.25,-0.7333333333333333
2074,0.7777777777777778,0.7166666666666667
2075,0.7,0.042553388057604516
2076,0.15384615384615385,-0.6628689751005432
2077,0.45454545454545453,-0.12037037037037036
2078,0.3333333333333333,-0.24074074074074078
2079,0.5454545454545454,-0.510356964638127
2080,0.6666666666666666,0.4350877192982457
2081,0.7272727272727273,0.4145796632961667
2082,0.8181818181818182,0.33636363636363636
2084,0.7777777777777778,-0.06666666666666667
2085,1.0,0.9642857142857145
2086,0.42857142857142855,0.29438202247191003
2087,0.17647058823529413,-0.7736842105263159
2088,0.2857142857142857,-0.2781609195402299
2090,0.4166666666666667,-0.11828640824531857
2093,0.6666666666666666,0.2928895930645031
2094,0.75,0.261904761904762
2095,0.1111111111111111,-0.7107344632768361
2096,0.6666666666666666,-0.33473096350228926
2097,1.0,0.942857142857143
2102,0.38461538461538464,-0.4435028248587571
2105,0.6363636363636364,0.3486385256233476
2108,0.7777777777777778,0.5833333333333334
2109,0.5384615384615384,0.4888888888888889
2110,0.625,-0.29940656547831473
2112,0.5833333333333334,0.06349295223253278
2117,0.6666666666666666,0.30125786715206027
2119,0.8181818181818182,0.8000000000000002
2122,0.4166666666666667,0.060935422429406534
2123,0.6,-0.12195121951219515
2124,0.6666666666666666,0.5507824838698261
2125,0.8571428571428571,0.4642857142857144
2127,0.4166666666666667,-0.34410591489547215
2128,0.7777777777777778,0.8833333333333333
2133,0.625,0.01197626261913259
2134,0.45454545454545453,-0.27777777777777773
2136,0.5384615384615384,-0.2722222222222222
2137,0.8888888888888888,1.0
2138,0.3333333333333333,0.04074074074074075
2140,0.6,-0.06748974310538336
2141,0.5,0.3132530120481927
2146,0.42857142857142855,-0.22237479499833038
2147,0.5555555555555556,-0.09243697478991597
2151,0.5833333333333334,0.29982782998696034
2153,0.05555555555555555,-0.7383367635383595
2154,0.8571428571428571,0.8928571428571429
2155,0.45454545454545453,0.38888888888888884
2156,0.5384615384615384,-0.19444444444444442
2157,0.5555555555555556,-0.30512857662936466
2160,0.7777777777777778,0.9500000000000001
2161,0.8,0.9393939393939393
2162,0.5454545454545454,0.6436934689129528
2163,0.8181818181818182,0.41818181818181827
2164,0.5454545454545454,0.4735744807002439
2165,0.42857142857142855,0.28314606741573034
2166,0.6666666666666666,0.7719298245614036
2169,0.6666666666666666,0.42678197846541877
2173,1.0,1.0
2175,0.875,0.9285714285714287
2177,1.0,0.9878787878787878
2178,1.0,0.9999999999999999
2180,0.75,0.7185757571479554
2181,0.21428571428571427,-0.28074496253743864
2182,0.7272727272727273,0.0956722299914231
2183,0.42857142857142855,0.13258426966292133
2184,0.8181818181818182,0.7454545454545456
2185,0.7142857142857143,0.25
2186,0.6,0.06748974310538336
2187,0.7777777777777778,-0.06666666666666667
2190,0.8888888888888888,0.9666666666666667
2195,1.0,1.0
2196,1.0,0.9999999999999999
2201,0.8181818181818182,0.6727272727272727
2203,1.0,1.0
2204,0.9,0.7454545454545454
2206,0.5454545454545454,0.16552117772047356
2213,0.8888888888888888,0.5166666666666667
2217,0.75,0.7380952380952381
2218,1.0,1.0
2219,0.7777777777777778,0.65
2221,0.6363636363636364,0.6210045662100457
2222,1.0,1.0
2223,0.5714285714285714,-0.16216874328520064
2225,0.8333333333333334,0.942857142857143
2226,0.8333333333333334,0.14285714285714288
2227,0.8,0.7454545454545454
2230,0.6666666666666666,0.6596491228070176
2233,0.6666666666666666,0.30526315789473685
2235,1.0,1.0
2236,0.7777777777777778,0.2833333333333333
2238,0.5,0.20923968377406044
2241,0.9,0.34545454545454546
2242,1.0,1.0
2243,0.7272727272727273,0.8519384289712436
2248,1.0,0.9878787878787878
2249,0.21428571428571427,-0.39395048066614624
2259,1.0,0.9999999999999999
2260,0.875,0.3333333333333334
2261,0.7777777777777778,0.6
2266,0.8,0.4424242424242424
2267,0.8571428571428571,0.7857142857142859
2269,0.5833333333333334,-0.33510169233836745
2270,0.7,0.8145934285312865
2274,0.6,-0.35975609756097565
2276,0.5833333333333334,0.43034112068716657
2277,0.6666666666666666,0.3438596491228071
2278,1.0,1.0
2279,0.6666666666666666,0.5017543859649123
2280,0.625,0.4191691916696406
2282,0.6666666666666666,0.09824561403508772
2283,0.7777777777777778,0.39999999999999997
2284,1.0,0.9047619047619048
2285,1.0,0.9047619047619048
2286,1.0,0.9761904761904763
2287,0.875,0.7619047619047621
2288,0.8333333333333334,0.4285714285714286
2289,0.8571428571428571,0.9642857142857145
2290,0.6666666666666666,0.08571428571428573
2292,0.8888888888888888,0.75
2293,1.0,1.0
2294,0.7777777777777778,0.48333333333333334
2295,0.5454545454545454,0.39081389184000703
2296,1.0,1.0
2299,0.875,0.9761904761904763
2301,0.8,0.6242424242424242
2302,0.5384615384615384,-0.09444444444444443
2304,0.6666666666666666,0.6596491228070176
2305,0.7777777777777778,0.9833333333333333
2307,0.6666666666666666,0.24561403508771934
2310,1.0,1.0
2311,0.75,0.0
2312,0.8888888888888888,0.7999999999999999
2323,0.7777777777777778,0.6333333333333333
2324,0.8,0.11515151515151514
2325,1.0,1.0
2326,0.6666666666666666,0.5543859649122808
2329,0.625,0.10778636357219329
2335,0.38461538461538464,0.01977401129943503
2336,0.4,-0.09408133816225861
2339,0.7777777777777778,-0.06666666666666667
2340,0.7142857142857143,0.7857142857142859
2343,0.7777777777777778,0.43333333333333335
2344,0.9,0.9272727272727272
2346,0.6363636363636364,-0.027397260273972608
2347,0.7777777777777778,0.5333333333333333
2351,0.5555555555555556,0.0504201680672269
2352,0.7,0.9057792600832962
2355,0.7142857142857143,0.21428571428571433
2357,0.9,0.9757575757575757
2359,0.5454545454545454,0.7126606262964834
2360,0.9,0.8787878787878788
2363,1.0,1.0
2365,0.5833333333333334,0.5608544113873728
2368,0.6666666666666666,0.5859649122807018
2370,0.8181818181818182,0.5818181818181819
2372,1.0,1.0
2375,0.7777777777777778,0.8833333333333333
2376,1.0,0.9833333333333333
2378,0.5,-0.07092198581560284
2382,0.875,0.9523809523809524
2385,0.4,0.03105590062111802
2386,0.35714285714285715,-0.12955381960241905
2390,0.6363636363636364,0.48401826484018273
2391,0.75,0.09523809523809526
2392,0.45454545454545453,-0.1574074074074074
2394,0.45454545454545453,-0.1574074074074074
2398,1.0,0.9523809523809524
2399,0.5454545454545454,0.27127081904188727
2400,0.6363636363636364,-0.054794520547945216
2405,0.2727272727272727,-0.6095238095238096
2407,0.8571428571428571,0.9642857142857145
2408,1.0,1.0
2412,1.0,1.0
2413,0.6666666666666666,0.2596491228070176
2415,0.7777777777777778,0.6166666666666666
2416,1.0,1.0
2423,0.8888888888888888,0.65
2427,1.0,0.8928571428571429
2430,1.0,0.9642857142857145
2436,0.7,0.6261427099904665
2438,1.0,0.9999999999999999
2439,0.7272727272727273,0.2870166899742693
2440,0.6666666666666666,0.3765723339400754
2441,0.5833333333333334,0.2257527190490054
2443,0.5384615384615384,0.06666666666666665
2447,0.4166666666666667,0.2867549290795602
2448,0.6666666666666666,0.728039845617479
2451,0.5,-0.6879432624113476
2452,1.0,0.9999999999999999
2453,0.7777777777777778,0.7333333333333334
2454,0.8333333333333334,0.3142857142857143
2455,0.8,-0.6
2457,1.0,1.0
2458,1.0,1.0
2459,1.0,1.0
2463,0.8,0.6242424242424242
2464,0.7777777777777778,0.8619322310183947
2466,0.8,0.9030303030303028
2469,1.0,0.9761904761904763
2470,1.0,0.9999999999999999
2472,0.36363636363636365,-0.5540455669886941
2473,1.0,1.0
2474,1.0,-0.2
2475,1.0,0.9333333333333332
2476,0.7777777777777778,0.43333333333333335
2481,1.0,1.0
2482,1.0,1.0
2495,1.0,1.0
2498,1.0,1.0
2499,1.0,0.14285714285714288
2500,0.8,0.6
2501,0.5555555555555556,0.0
2507,0.9,0.8181818181818182
2508,0.5,0.39220733735384494
2509,0.8,0.6242424242424242
2514,1.0,1.0
2517,1.0,1.0
2519,1.0,0.9285714285714287
2520,1.0,1.0
2523,0.75,0.7857142857142858
2525,0.8181818181818182,0.6727272727272727
2530,0.8888888888888888,0.38333333333333336
2537,1.0,1.0
2539,1.0,1.0
2543,0.7272727272727273,0.3234632537805257
2546,0.9,0.8181818181818182
2554,1.0,1.0
2555,1.0,1.0
2556,1.0,1.0
2558,0.875,1.0
2563,1.0,1.0
2566,1.0,0.9999999999999999
2569,1.0,1.0
2573,1.0,1.0
2576,0.8,0.0
2578,1.0,0.9999999999999999
2579,1.0,1.0
2580,0.8571428571428571,0.21428571428571433
2581,1.0,1.0
2582,1.0,1.0
2585,1.0,1.0
2590,0.3,-0.5507321950923881
2592,0.875,1.0
2596,0.75,0.30952380952380953
2597,1.0,1.0
2599,0.8,0.7
2601,1.0,1.0
2608,1.0,0.9999999999999999
2609,1.0,1.0
2612,1.0,1.0
2624,1.0,1.0
2630,1.0,0.9285714285714287
2634,1.0,1.0
2636,1.0,1.0
2645,0.8181818181818182,0.8545454545454546
2647,1.0,1.0
2648,0.875,0.6190476190476191
2651,0.8,0.23636363636363633
2652,0.5555555555555556,0.5210084033613446
2653,1.0,0.9761904761904763
2662,1.0,1.0
2673,0.3333333333333333,-0.11594202898550725
2674,0.5833333333333334,0.4091768032763223
2677,0.5384615384615384,0.28888888888888886
2678,0.38461538461538464,-0.2033898305084746
2680,1.0,1.0
2681,1.0,1.0
2684,1.0,1.0
2685,0.7777777777777778,0.049999999999999996
2687,1.0,0.9999999999999999
2688,1.0,1.0
2689,1.0,1.0
2691,1.0,1.0
2698,1.0,0.9761904761904763
2701,1.0,1.0
2706,0.8,0.49999999999999994
2707,0.6,0.7
1708,0.875,0.6428571428571429
1710,0.8181818181818182,0.5090909090909091
1711,0.625,0.6946232319096901
1713,0.7777777777777778,0.8833333333333333
1714,0.75,0.6107893935757621
1715,0.2,-0.4247619047619046
1717,0.5,0.2650602409638554
1718,0.26666666666666666,-0.4019178011375612
1719,0.25,-0.22325581395348834
1720,0.26666666666666666,-0.07888106377466154
1723,0.38461538461538464,-0.22033898305084748
1725,0.5,0.21539379212035636
1726,0.1875,-0.6005550503619178
1727,0.2,-0.5847619047619046
1730,0.13333333333333333,-0.452961198467048
1731,0.5555555555555556,0.4537815126050421
1732,0.3333333333333333,-0.07037037037037037
1733,0.7777777777777778,0.35
1736,0.2857142857142857,-0.36091954022988515
1737,0.3333333333333333,-0.425925925925926
1738,0.625,0.13173888881045848
1739,1.0,1.0
1741,0.05555555555555555,-0.5918230620237163
1746,0.2,-0.37523809523809515
1747,0.1111111111111111,-0.7830508474576271
1749,0.25,-0.48062015503875977
1750,0.875,1.0
1751,1.0,1.0
1752,0.4,0.14285714285714285
1754,0.8,-0.19999999999999998
1757,0.2,-0.7314285714285713
1758,0.8888888888888888,0.65
1759,1.0,1.0
1762,0.25,-0.40620155038759687
1763,0.3333333333333333,-0.2592592592592593
1764,0.2857142857142857,-0.17241379310344832
1765,0.8181818181818182,0.5
1767,0.125,-0.4177310685318645
1768,0.42857142857142855,-0.23146067415730334
1769,0.5833333333333334,0.017636931175703547
1771,0.25,-0.3875968992248062
1773,0.46153846153846156,-0.4117792453398488
1775,0.1111111111111111,-0.5966101694915253
1776,0.5555555555555556,0.4705882352941177
1777,0.2857142857142857,-0.01609195402298851
1778,0.3333333333333333,-0.13333333333333336
1779,0.3333333333333333,-0.688888888888889
1781,0.35714285714285715,-0.525033900494014
1782,0.5833333333333334,0.20106101540302043
1783,0.6,0.2682926829268293
1784,0.35714285714285715,-0.4295731913132842
1785,0.8181818181818182,0.48181818181818187
1786,0.26666666666666666,-0.6066329428384686
1787,0.42857142857142855,-0.5640449438202246
1788,0.6666666666666666,0.6945667492672501
1790,0.6666666666666666,0.8
1791,0.38461538461538464,0.07956600627155522
1792,1.0,0.9999999999999999
1794,0.8571428571428571,0.25
1796,0.625,0.6347419188140272
1798,1.0,1.0
1799,0.7,0.44377104688644714
1800,0.6,-0.30487804878048785
1802,0.4166666666666667,0.05376654920241754
1803,1.0,0.9999999999999999
1806,0.5,-0.32616774235368245
1807,0.3333333333333333,-0.13333333333333336
1810,0.5384615384615384,0.26111111111111107
1811,0.11764705882352941,-0.7829797144543734
1814,0.2,-0.31052950170405946
1817,0.3333333333333333,-0.3555555555555556
1818,0.75,0.7857142857142858
1819,0.2,-0.4332078233649225
1820,0.2,-0.45621000867633427
1823,0.38461538461538464,-0.2853107344632768
1824,0.26666666666666666,-0.2911086877398224
1826,0.6363636363636364,0.547945205479452
1827,1.0,1.0
1828,1.0,1.0
1830,0.6666666666666666,0.10877192982456142
1835,0.5555555555555556,0.15256428831468236
1836,1.0,1.0
1837,0.875,0.5714285714285715
1838,0.38461538461538464,0.21186440677966104
1842,0.5,0.21686746987951805
1843,0.5384615384615384,-0.21666666666666665
1844,0.5384615384615384,-0.09444444444444443
1846,0.75,-0.1666666666666667
1847,0.8,0.5757575757575757
1848,0.5384615384615384,-0.022222222222222216
1850,0.6666666666666666,0.2596491228070176
1851,1.0,1.0
1852,0.6666666666666666,0.4140350877192983
1855,0.26666666666666666,0.12771219849230916
1857,0.6666666666666666,0.35438596491228075
1858,0.125,-0.26282051282051283
1863,0.1111111111111111,-0.5367231638418078
1864,0.3333333333333333,0.13144289878992033
1868,0.5,-0.20923968377406046
1869,0.8,0.8181818181818182
1870,0.7777777777777778,0.2833333333333333
1874,1.0,0.8928571428571429
1879,0.46153846153846156,-0.005602438712106785
1880,0.6,0.4846990641204805
1881,0.42857142857142855,-0.16363636363636364
1884,0.5833333333333334,0.5044162316251215
1885,0.5384615384615384,0.18333333333333332
1886,0.3333333333333333,-0.01851851851851852
1889,0.6666666666666666,0.5690426379538917
1890,0.6,0.04294801833978941
1891,0.6363636363636364,0.10502283105022833
1892,0.875,0.5000000000000001
1893,0.9,0.9999999999999999
1894,0.8888888888888888,0.5833333333333334
1895,0.7777777777777778,0.7333333333333334
1896,0.8181818181818182,0.4000000000000001
1898,0.6666666666666666,0.4
1899,0.15384615384615385,-0.7937253933193772
1901,0.45454545454545453,-0.07627700713964738
1902,1.0,1.0
1905,0.5384615384615384,0.13888888888888887
1909,0.42857142857142855,-0.09887640449438202
1910,0.9,0.4545454545454545
1912,0.0,-0.8574153649023353
1913,0.7142857142857143,0.642857142857143
1915,0.25,-0.4170542635658915
1916,0.5454545454545454,0.2896620610108288
1920,0.1875,-0.5958262704378082
1921,0.7,0.5045616012544536
1925,0.3076923076923077,-0.03152185978331839
1926,0.7777777777777778,0.5333333333333333
1927,0.7777777777777778,0.7833333333333333
1928,0.8,0.2121212121212121
1929,0.6666666666666666,0.042105263157894736
1930,0.5384615384615384,0.3833333333333333
1932,0.38461538461538464,-0.053672316384180796
1935,0.5384615384615384,0.5833333333333333
1937,1.0,1.0
1939,0.2857142857142857,-0.3701149425287357
1940,0.6666666666666666,0.33333333333333337
1941,0.46153846153846156,-0.19888657427979087
1945,1.0,0.7500000000000002
1946,0.35714285714285715,-0.761412799417726
1949,0.42857142857142855,-0.35280898876404493
1952,0.5,0.20923968377406046
1953,0.6,-0.251552678847338
1954,0.2857142857142857,-0.12643678160919541
1955,1.0,0.9333333333333332
1956,0.36363636363636365,0.2065932622669707
1957,0.5384615384615384,0.011111111111111108
1962,0.875,0.5000000000000001
1963,0.75,0.28743030285918214
1965,0.7272727272727273,0.4692495090055514
1966,0.7,0.3039527718400323
1967,0.6666666666666666,0.4491228070175439
1968,0.9,0.7333333333333332
1972,0.8181818181818182,0.6090909090909091
1973,0.5384615384615384,0.41666666666666663
1974,0.6666666666666666,0.1543859649122807
1975,0.7,0.4846990641204805
1977,0.3333333333333333,-0.3296296296296297
1978,0.5384615384615384,-0.35
1979,0.5,-0.049232866770367166
1981,0.46153846153846156,0.12605487102240268
1982,0.2857142857142857,-0.22668429100902024
1983,0.05263157894736842,-0.6254901960784315
1984,0.5454545454545454,0.35403140790212406
1986,0.3,-0.12969524996603018
1989,0.5384615384615384,0.1111111111111111
1991,0.5,0.17021276595744683
1993,0.46153846153846156,0.03641585162869411
1994,0.2,-0.20952380952380947
1996,0.8571428571428571,1.0
1997,1.0,0.9761904761904763
1999,0.3333333333333333,-0.3695652173913044
2000,0.75,0.7380952380952381
2003,0.46153846153846156,0.13445852909056286
2004,0.42857142857142855,0.1438202247191011
2006,0.7777777777777778,0.6
2008,0.23076923076923078,-0.436046511627907
2010,0.6666666666666666,0.4736842105263159
2011,0.5,0.0921985815602837
2012,0.38461538461538464,-0.25423728813559326
2013,0.35714285714285715,-0.46366630173497336
2015,0.38461538461538464,-0.1250322955695868
2017,1.0,1.0
2019,0.26666666666666666,-0.2685712409470619
2020,0.7777777777777778,0.6694619270045785
2021,0.6666666666666666,-0.0456140350877193
2023,1.0,1.0
2025,0.25,-0.16589147286821704
2026,0.8,0.8060606060606059
2027,0.42857142857142855,-0.1101123595505618
2029,0.875,0.6428571428571429
2031,1.0,1.0
2033,0.7272727272727273,0.6970405327946539
2034,0.8181818181818182,0.7181818181818183
2035,0.6363636363636364,0.4063926940639269
2037,0.17647058823529413,-0.5026315789473684
2039,1.0,1.0
2041,0.6666666666666666,0.6070175438596492
2042,0.23076923076923078,-0.27325581395348836
2043,0.6666666666666666,0.052631578947368425
2044,0.1875,-0.36884483408054797
2045,0.6666666666666666,0.26315789473684215
2046,0.3333333333333333,-0.051851851851851864
2047,0.42857142857142855,0.26741573033707866
