node_id,degree,exclusion_rate,influential_exclusion_score,homophily,jaccard_cross,jaccard_same,sofia_index
1713.0,4.0,0.0,0.0,0.5,0.7777777777777778,0.7967901234567902,0.02386114142001166
1715.0,3.0,0.0,0.0,1.0,0.2,0.22380952380952374,0.1063825033973249
1723.0,5.0,0.0,0.0,0.800000011920929,0.38461538461538464,0.41480741480741484,0.0727854814759426
1725.0,16.0,0.375,0.7142857142857143,0.875,0.5,0.5527609427609428,0.09544966590393636
1732.0,5.0,0.0,0.0,0.6000000238418579,0.3333333333333333,0.7680393680393681,0.5659937326155657
1737.0,6.0,0.0,0.0,1.0,0.3333333333333333,0.3225478225478226,-0.03343838213488316
1739.0,9.0,0.0,0.0,1.0,1.0,1.0,0.0
1741.0,4.0,0.0,0.0,0.25,0.05555555555555555,0.9599999999999999,0.9421286482456209
1751.0,4.0,0.0,0.0,1.0,1.0,0.9268518518518519,-0.07892099377155508
1762.0,4.0,0.0,0.0,1.0,0.25,0.2717989417989418,0.08020215771446751
1769.0,4.0,0.0,0.0,0.75,0.5833333333333334,0.8454545454545451,0.31003547558527944
1775.0,5.0,0.0,0.0,1.0,0.1111111111111111,0.12656405762184914,0.1220948878078839
1776.0,12.0,0.1666666716337204,0.7142857142857143,0.5833333134651184,0.5555555555555556,0.6585361552028219,0.1563778122975453
1777.0,5.0,0.0,0.0,1.0,0.2857142857142857,0.3367399267399268,0.15152788679307003
1779.0,6.0,0.0,0.0,1.0,0.3333333333333333,0.3673178673178673,0.09252052374190936
1781.0,5.0,0.0,0.0,0.800000011920929,0.35714285714285715,0.5151515151515151,0.30672209367391895
1784.0,5.0,0.0,0.0,0.800000011920929,0.35714285714285715,0.3029059829059829,-0.17905455237956144
1785.0,5.0,0.0,0.0,0.6000000238418579,0.8181818181818182,0.7065971065971065,-0.15791821481392102
1786.0,3.0,0.0,0.0,1.0,0.26666666666666666,0.4106774706774708,0.3506655797496237
1787.0,6.0,0.0,0.0,0.8333333134651184,0.42857142857142855,0.5771765271765272,0.2574686151279214
1790.0,3.0,0.0,0.0,0.6666666865348816,0.6666666666666666,0.7831649831649832,0.1487530344812931
1803.0,4.0,0.0,0.0,0.5,1.0,1.0,0.0
1810.0,44.0,0.59375,1.0,0.9090909361839294,0.5384615384615384,0.6392496392496393,0.15766601486141216
1836.0,2.0,0.0,0.0,1.0,1.0,1.0,0.0
1838.0,4.0,0.0,0.0,0.75,0.38461538461538464,0.44931364931364937,0.1439932234506366
1842.0,10.0,0.0,0.0,0.6000000238418579,0.5,0.5267989417989417,0.050871193545366386
1847.0,3.0,0.0,0.0,1.0,0.8,0.7574074074074074,-0.0562346445801759
1850.0,4.0,0.0,0.0,1.0,0.6666666666666666,0.6446509046509047,-0.034151395283139714
1851.0,6.0,0.0,0.0,0.1666666716337204,1.0,0.95,-0.05263152354576474
1884.0,6.0,0.0,0.0,0.8333333134651184,0.5833333333333334,0.5465327265327267,-0.06733455780318265
1901.0,6.0,0.0,0.0,1.0,0.45454545454545453,0.7367935767935767,0.3830757325555043
1910.0,2.0,0.0,0.0,0.5,0.9,0.8977777777777776,-0.0024752447676731713
1913.0,4.0,0.0,0.0,1.0,0.7142857142857143,0.8328042328042329,0.14231240853211433
1920.0,6.0,0.0,0.0,0.3333333432674408,0.1875,0.5866019166019166,0.6803612892241331
1926.0,7.0,0.0,0.0,0.8571428656578064,0.7777777777777778,0.8096296296296297,0.03934121398843658
1939.0,2.0,0.0,0.0,1.0,0.2857142857142857,0.2897720797720798,0.014003350694225127
1965.0,2.0,0.0,0.0,1.0,0.7272727272727273,0.7694276094276092,0.05478725594339631
1966.0,12.0,0.1666666716337204,0.8888888888888888,0.9166666865348816,0.7,0.7604882154882154,0.0795385578865619
1973.0,15.0,0.3333333432674408,0.4,0.5333333611488342,0.5384615384615384,0.5012284012284012,-0.07428362570489114
1982.0,2.0,0.0,0.0,0.5,0.2857142857142857,0.558354731688065,0.4882916579892737
1983.0,4.0,0.0,0.0,0.25,0.05263157894736842,0.8444444444444444,0.9376720197928297
1986.0,65.0,0.5129230618476868,0.6,0.7384615540504456,0.3,0.35232724066057397,0.14851843997082542
1996.0,5.0,0.0,0.0,1.0,0.8571428571428571,0.9238095238095236,0.0721648703369959
2010.0,4.0,0.0,0.0,0.75,0.6666666666666666,0.7193991193991194,0.07330058935283143
2011.0,3.0,0.0,0.0,0.3333333432674408,0.5,0.5363636363636363,0.06779648376926738
2012.0,2.0,0.0,0.0,0.0,0.38461538461538464,0.49550708550708555,0.22379392816207683
2013.0,2.0,0.0,0.0,0.5,0.35714285714285715,0.6113775113775113,0.4158383873548844
2015.0,3.0,0.0,0.0,0.0,0.38461538461538464,0.5123239723239723,0.24927261915281038
2017.0,5.0,0.0,0.0,0.20000000298023224,1.0,1.0,0.0
2020.0,2.0,0.0,0.0,0.5,0.7777777777777778,0.8234343434343433,0.05544644885674128
2021.0,5.0,0.0,0.0,0.800000011920929,0.6666666666666666,0.5969560069560069,-0.11677668391251009
2034.0,40.0,0.42137500643730164,1.0,0.25,0.8181818181818182,0.8003626003626002,-0.02226390331987253
2041.0,4.0,0.0,0.0,0.5,0.6666666666666666,0.7436363636363634,0.1035043432908177
2045.0,32.0,0.29765623807907104,1.0,0.75,0.6666666666666666,0.8085988085988087,0.1755282902899653
2049.0,2.0,0.0,0.0,1.0,1.0,1.0,0.0
2052.0,4.0,0.0,0.0,1.0,0.2857142857142857,0.4090039590039589,0.3014380891369091
2054.0,9.0,0.0,0.0,1.0,0.9,0.8513131313131312,-0.057190250808794245
2056.0,8.0,0.0,0.0,1.0,0.7272727272727273,0.7752637485970818,0.06190275181632985
2074.0,4.0,0.0,0.0,1.0,0.7777777777777778,0.5749398749398751,-0.3527978470118595
2075.0,8.0,0.0,0.0,1.0,0.7,0.6197250280583615,-0.12953300056340172
2077.0,6.0,0.0,0.0,1.0,0.45454545454545453,0.8083950617283949,0.4377181234980173
2079.0,3.0,0.0,0.0,0.6666666865348816,0.5454545454545454,0.6313908930575598,0.1361061941845049
2080.0,10.0,0.0,0.0,0.8999999761581421,0.6666666666666666,0.6734006734006736,0.009999985150022334
2082.0,2.0,0.0,0.0,1.0,0.8181818181818182,0.8106190106190108,-0.009329658118151207
2093.0,3.0,0.0,0.0,1.0,0.6666666666666666,0.8368518518518518,0.2033633330024346
2094.0,6.0,0.0,0.0,0.6666666865348816,0.75,0.8059082892416225,0.06937293066100947
2095.0,5.0,0.0,0.0,1.0,0.1111111111111111,0.1506249377843805,0.26233082598186397
2097.0,4.0,0.0,0.0,0.75,1.0,1.0,0.0
2112.0,6.0,0.0,0.0,0.3333333432674408,0.5833333333333334,0.6933799533799534,0.15871018595216235
2119.0,2.0,0.0,0.0,0.5,0.8181818181818182,0.866666666666667,0.05594399139329698
2122.0,10.0,0.0,0.0,0.800000011920929,0.4166666666666667,0.5602020202020201,0.25622024223216755
2123.0,6.0,0.0,0.0,0.8333333134651184,0.6,0.5936873003539671,-0.010633020125660437
2140.0,5.0,0.0,0.0,1.0,0.6,0.6650280583613918,0.0977822811556816
2141.0,4.0,0.0,0.0,1.0,0.5,0.6707231040564375,0.2545355132220985
2151.0,3.0,0.0,0.0,0.6666666865348816,0.5833333333333334,0.7604765604765603,0.23293682331957105
2155.0,17.0,0.4117647111415863,0.375,0.5882353186607361,0.45454545454545453,0.5901886385219719,0.22982982947008745
2157.0,5.0,0.0,0.0,1.0,0.5555555555555556,0.8592592592592592,0.3534478645218817
2162.0,5.0,0.0,0.0,0.6000000238418579,0.5454545454545454,0.8320987654320987,0.3444829957723911
2164.0,3.0,0.0,0.0,0.6666666865348816,0.5454545454545454,0.4969023569023569,-0.09770952012652467
2165.0,3.0,0.0,0.0,0.3333333432674408,0.42857142857142855,0.5804399304399304,0.26164333682222746
2166.0,2.0,0.0,0.0,0.5,0.6666666666666666,0.5822048322048323,-0.14507212018466836
2169.0,5.0,0.0,0.0,0.20000000298023224,0.6666666666666666,0.8339506172839506,0.20059191342790544
2175.0,5.0,0.0,0.0,0.20000000298023224,0.875,0.67989417989418,-0.28696455847236124
2178.0,7.0,0.0,0.0,0.7142857313156128,1.0,0.7818518518518519,-0.2790143281199971
2180.0,5.0,0.0,0.0,1.0,0.75,0.8626984126984125,0.1306346231834173
2181.0,8.0,0.0,0.0,1.0,0.21428571428571427,0.6195363895363895,0.6541181889828009
2182.0,19.0,0.3568421006202698,1.0,1.0,0.7272727272727273,0.5848854848854849,-0.24344423416643055
2183.0,3.0,0.0,0.0,1.0,0.42857142857142855,0.5249943574943574,0.18366434587750655
2184.0,2.0,0.0,0.0,1.0,0.8181818181818182,1.0,0.18181800000018178
2201.0,3.0,0.0,0.0,0.6666666865348816,0.8181818181818182,0.5920024420024421,-0.38205753570338713
2206.0,3.0,0.0,0.0,1.0,0.5454545454545454,0.5668350168350168,0.03771897117591662
2213.0,3.0,0.0,0.0,1.0,0.8888888888888888,0.948148148148148,0.06249993408210064
2217.0,5.0,0.0,0.0,0.6000000238418579,0.75,0.7727513227513227,0.029441933827281788
2222.0,4.0,0.0,0.0,1.0,1.0,0.9333333333333331,-0.07142849489804141
2223.0,4.0,0.0,0.0,1.0,0.5714285714285714,0.877777777777778,0.34900502735412814
2225.0,5.0,0.0,0.0,1.0,0.8333333333333334,0.9022222222222223,0.07635459517347826
2226.0,3.0,0.0,0.0,1.0,0.8333333333333334,0.8100529100529101,-0.028739350543845448
2238.0,11.0,0.09090909361839294,0.25,1.0,0.5,0.6441750841750843,0.22381315872617544
2269.0,7.0,0.0,0.0,1.0,0.5833333333333334,0.5556167289500623,-0.04988430523202791
2270.0,6.0,0.0,0.0,1.0,0.7,0.8477777777777779,0.1743117209953489
2279.0,3.0,0.0,0.0,1.0,0.6666666666666666,0.8545454545454547,0.21985789874784917
2288.0,3.0,0.0,0.0,1.0,0.8333333333333334,0.9343915343915347,0.10815390463710114
2295.0,5.0,0.0,0.0,0.800000011920929,0.5454545454545454,0.678901838901839,0.19656316898475718
2310.0,2.0,0.0,0.0,0.5,1.0,1.0,0.0
2312.0,2.0,0.0,0.0,0.5,0.8888888888888888,0.9604938271604937,0.07455005091832738
2329.0,6.0,0.0,0.0,0.6666666865348816,0.625,0.7544091710758377,0.17153688542042303
2343.0,2.0,0.0,0.0,1.0,0.7777777777777778,0.8580246913580246,0.09352507085567272
2355.0,3.0,0.0,0.0,0.3333333432674408,0.7142857142857143,0.638994708994709,-0.11782709059103981
2357.0,5.0,0.0,0.0,0.4000000059604645,0.9,0.8362962962962961,-0.07617351387578086
2360.0,4.0,0.0,0.0,0.5,0.9,0.8105723905723904,-0.11032635720309038
2363.0,2.0,0.0,0.0,1.0,1.0,1.0,0.0
2375.0,4.0,0.0,0.0,1.0,0.7777777777777778,0.8261728395061728,0.0585773349557063
2394.0,16.0,0.375,0.75,0.875,0.45454545454545453,0.5342760942760942,0.1492308777314678
2399.0,5.0,0.0,0.0,1.0,0.5454545454545454,0.6958810325476993,0.21616664902587907
2400.0,2.0,0.0,0.0,1.0,0.6363636363636364,0.5042855909522577,-0.2619106828955579
2405.0,7.0,0.0,0.0,0.0,0.2727272727272727,0.6932323232323233,0.6065851660799733
2427.0,3.0,0.0,0.0,0.0,1.0,1.0,0.0
2454.0,3.0,0.0,0.0,1.0,0.8333333333333334,0.8555555555555557,0.02597399561481048
2455.0,4.0,0.0,0.0,1.0,0.8,0.8133333333333334,0.016393422467103493
2463.0,4.0,0.0,0.0,1.0,0.8,0.7004040404040405,-0.14219766256751373
2476.0,7.0,0.0,0.0,1.0,0.7777777777777778,0.8867283950617283,0.12286794358087799
2537.0,2.0,0.0,0.0,1.0,1.0,1.0,0.0
2546.0,4.0,0.0,0.0,0.5,0.9,0.831919191919192,-0.0818357442722355
2578.0,2.0,0.0,0.0,0.5,1.0,1.0,0.0
2581.0,2.0,0.0,0.0,1.0,1.0,1.0,0.0
2582.0,3.0,0.0,0.0,1.0,1.0,1.0,0.0
2624.0,2.0,0.0,0.0,1.0,1.0,1.0,0.0
2645.0,4.0,0.0,0.0,1.0,0.8181818181818182,0.672098272098272,-0.21735412036302043
2651.0,3.0,0.0,0.0,1.0,0.8,0.4376253992920659,-0.8280455687639865
2662.0,3.0,0.0,0.0,1.0,1.0,1.0,0.0
2691.0,2.0,0.0,0.0,1.0,1.0,1.0,0.0
2701.0,2.0,0.0,0.0,1.0,1.0,1.0,0.0
